id_personal;nombre;rut;sexo;edad
0;Corban Stacey;15286948-7;hombre;31
1;Summer Clements;13993032-0;hombre;29
2;Sia Begum;10348170-8;mujer;27
3;Rochelle Cain;46088353-9;hombre;27
4;Ollie Morrow;20180335-7;hombre;27
6;Aadam Dunlop;66540267-3;hombre;30
8;Alesha Roth;80885102-4;hombre;19
9;Khia Kline;22587614-2;mujer;22
11;Toni Morris;79029236-7;hombre;25
12;Rahul Horne;95435510-1;mujer;20
14;Dulcie Kearns;92931585-5;hombre;29
15;Imogen Wills;55994808-k;hombre;22
18;Jaidon Gay;84964932-9;mujer;36
20;Alisa Carpenter;56781936-1;hombre;39
21;Darcie-Mae Hutton;99116865-6;hombre;37
23;Nyah Croft;68035652-1;mujer;20
24;Evie-Grace Hayden;83131309-9;hombre;39
25;Katie Yoder;57078757-8;hombre;34
26;Ottilie Campos;78166652-1;mujer;28
28;Gabija Norton;12460058-8;hombre;19
29;Alexandra Naylor;85594953-9;mujer;19
32;Jonny Cortes;24945173-8;mujer;25
33;Ari Tomlinson;14377401-5;hombre;24
34;Cem Buckley;54801563-4;hombre;30
36;Uma Morales;77020926-9;mujer;19
37;Shamima Wormald;21924647-1;mujer;19
38;Eleasha Craig;58000701-5;hombre;24
39;Caitlyn Mckenzie;76160177-6;mujer;28
40;Romilly Heath;38317707-3;hombre;26
42;Malaki Wiggins;94123958-7;hombre;22
43;Adela Cordova;85394005-4;hombre;21
44;Alys Schwartz;33298524-8;mujer;36
49;Vijay Palacios;51667797-k;mujer;20
51;Samirah O'Brien;76356563-7;mujer;38
52;Charlie Rahman;99837067-1;mujer;22
53;Eoin Sosa;28060713-4;hombre;29
55;Dillon Reeves;83917354-7;mujer;34
58;Harriett Castillo;81559564-5;mujer;24
59;Macauley Davison;63459997-5;mujer;32
61;Kacy Stubbs;55012555-2;hombre;28
63;Annabelle Stephens;33090056-3;hombre;35
65;Quinn Munro;60574488-5;mujer;29
67;Haley Bonilla;55326528-2;hombre;19
71;Oliwia Livingston;33572631-6;mujer;27
72;Anne Bray;34966889-0;mujer;27
73;Alexandria Garrison;47377094-6;hombre;30
75;Braiden Hoover;26635765-6;hombre;28
79;Yisroel O'Neill;69265725-k;mujer;19
82;Jayden-James Mckay;38717290-4;mujer;25
84;Mary Manning;53234460-3;mujer;26
85;Hermione Ventura;58593290-6;hombre;27
86;Nataniel Miller;44100123-1;mujer;22
89;Grace O'Moore;70851011-4;mujer;39
91;Keith Mccall;53511335-1;mujer;40
93;Tiffany May;53747213-8;mujer;21
95;Kelise Fraser;73543707-0;mujer;19
96;Lacy Simon;79861684-6;hombre;23
97;Marianna Barry;61786224-7;hombre;21
99;Nathanael Carlson;70733075-9;hombre;24
100;Campbell Vazquez;89200986-4;hombre;36
101;Fariha Barnard;71962392-1;hombre;20
102;Subhan Pearce;53329659-9;hombre;22
103;Petra Sharp;78156640-3;hombre;24
104;Olivia-Mae Carey;69760987-3;mujer;24
106;Ira Houston;95777850-k;mujer;26
109;Geoffrey Ellis;96213302-9;hombre;20
110;Aviana Nairn;78918085-7;hombre;37
114;Lorraine Maxwell;89793517-1;hombre;20
115;Ivie Perez;25198755-6;hombre;30
116;Riccardo Hamilton;80588097-k;mujer;19
118;Jonathan Turner;30224213-5;mujer;40
119;Tierney Mackay;79344858-9;hombre;34
120;Corrie Kirkpatrick;84729190-7;hombre;29
122;Darragh Foreman;44770429-3;mujer;21
123;Nel Carson;63421928-5;hombre;39
124;Zayne Crane;31459690-0;hombre;29
125;Lilli Leech;13904984-5;mujer;31
126;Adnaan Rowley;34183638-7;hombre;26
127;Sian Montgomery;51827744-8;mujer;26
128;Arham Johnson;58496906-7;hombre;26
129;Josh Fry;93066103-1;mujer;23
130;Marwah Wiggins;82833215-5;hombre;40
131;John-James Burton;60747994-1;hombre;22
132;Kohen Tait;87772349-6;hombre;31
133;Adrian Fitzgerald;59444986-k;hombre;27
136;Alix Thatcher;90594532-7;mujer;30
137;Judith Stott;89025372-5;mujer;22
140;Talia Ellwood;41704207-5;mujer;26
141;Nicky O'Brien;15460166-k;mujer;20
142;Jamie-Lee Cook;96863860-2;hombre;35
144;Millie-Rose Frost;83118985-1;hombre;27
145;Ignacy Leblanc;46962859-0;hombre;34
146;Marcelina Lowery;71075215-k;hombre;30
148;Rhianna Gilliam;93207016-2;hombre;24
149;Courtney O'Sullivan;53171533-0;mujer;38
151;Lola-Mae Kay;93840785-1;hombre;23
153;Faiz Edmonds;25750021-7;hombre;35
154;Cadi Stokes;79758989-6;hombre;29
156;Jasper Hicks;53038300-8;mujer;19
157;Kara Rivas;87634133-6;hombre;25
158;Amanpreet Mata;81955785-3;hombre;39
159;Patryk Vang;18076157-8;hombre;26
160;Siyana Krueger;14811794-2;hombre;19
161;Hailie Kirkpatrick;45589350-k;mujer;34
165;Abubakar Bowler;90471139-k;mujer;27
167;Edward Truong;44060880-9;mujer;27
168;Christie Zavala;44604413-3;mujer;29
169;Annaliese Rosa;48161908-4;hombre;25
172;Arla Hinton;10619372-k;mujer;21
173;Sophia Ryan;34846808-1;hombre;28
174;Subhaan Corbett;93009498-6;hombre;20
177;Abbas Gonzales;85884715-k;hombre;39
178;Scarlet Banks;83386046-1;mujer;28
179;Suhayb Frame;41740767-7;mujer;27
181;Carys Conrad;78479752-k;hombre;31
183;Reyansh Mccormick;86367440-9;mujer;29
184;Shahzaib Bellamy;44749202-4;mujer;31
185;Ihsan Kelley;51093069-k;hombre;30
187;Kathryn Whiteley;15373219-1;mujer;32
188;Chase Horner;30680313-1;hombre;23
189;Oliver Fitzpatrick;80282829-2;hombre;25
191;Naeem Sharpe;72157153-k;hombre;29
192;Javan Wiley;57728317-6;hombre;21
194;Korben Hurley;64651214-k;hombre;21
196;Rafael Cisneros;41226633-1;hombre;34
198;Justine Black;32211035-9;mujer;25
199;Adam Grant;52247620-k;mujer;29
200;Alana Rahman;46787382-2;hombre;22
205;Ilyas Puckett;34012878-8;mujer;28
206;Raees Livingston;62425949-1;mujer;27
207;Kien Christensen;33199896-6;hombre;28
210;Cleo Aguilar;37220030-8;hombre;20
213;Sonya Smart;31793868-3;mujer;27
214;Milly Olson;48176712-1;mujer;25
216;Danyl Boyer;62196038-5;mujer;29
217;Steven Hills;20034783-8;mujer;37
219;Taine Ireland;97675067-5;mujer;34
220;Bella-Rose Cox;69251591-9;mujer;25
221;Lillia Hartman;45385992-4;mujer;24
222;Ellenor Lara;11544489-1;mujer;35
224;Donna Montes;75903526-7;mujer;27
227;Freya Gross;53609901-8;hombre;24
228;Elspeth Rice;63974341-1;mujer;36
230;Bernard Wells;12815044-7;hombre;37
232;Alyce Kirkpatrick;42678415-7;mujer;33
233;Brandi Conroy;63936216-7;mujer;19
235;Aria Massey;66478458-0;mujer;26
236;Maxime Haigh;49718772-9;mujer;20
238;Arslan Horton;13690129-k;hombre;39
239;Jobe Hopper;69135613-2;hombre;31
240;Caius Ball;57133149-7;mujer;22
242;Sulaiman Martin;11077126-6;hombre;40
243;Thalia Scott;21823347-3;mujer;36
245;Andrew Santos;26100581-6;hombre;24
246;Cora Becker;73557956-8;mujer;27
247;Allana Jarvis;26617374-1;hombre;37
248;Scarlett Cassidy;33911863-9;hombre;23
250;David Beach;43173481-8;mujer;28
251;Mehak Dawson;80600254-2;mujer;23
253;Rupert Ahmed;22027409-8;hombre;27
254;Kelly Keenan;56944351-2;hombre;32
257;Tyreece Cohen;69777560-9;hombre;35
258;Tanisha Allen;89861491-3;mujer;31
259;Amie Fuller;10254486-2;mujer;27
262;Dante Nava;88732812-9;mujer;20
264;Roan Stubbs;42162871-8;mujer;34
265;Albert Irvine;62036438-k;hombre;22
266;Warwick Webber;86819507-k;mujer;34
267;Uzma Burris;61774912-2;mujer;28
268;Tyreke Gilmore;12412672-k;mujer;37
269;Kaylan Huff;64063874-5;hombre;29
270;Gene Melton;50511840-5;hombre;28
273;Dania Love;16836029-0;hombre;24
274;Abbi Millington;68903163-3;hombre;24
275;Ritchie Rose;50022661-7;hombre;35
276;Cooper Draper;24796080-5;hombre;21
277;Avani Phan;51193594-6;mujer;39
281;Zayaan Paterson;12673702-5;mujer;28
282;Alister Hills;45400053-6;hombre;20
283;Kajal Short;40644356-6;hombre;20
284;Trystan Wall;50321392-3;mujer;35
285;Abubakr Benjamin;67609462-8;hombre;21
286;Zackery Sheridan;83028620-9;mujer;29
287;Izaan Byrd;89077953-0;mujer;30
288;Billie Durham;93550420-1;hombre;29
289;Lois Charlton;58366562-5;mujer;29
291;Nafisa Foster;73178495-7;mujer;25
296;Shelby Holder;33802463-0;mujer;29
298;Josie Ibarra;75295314-7;mujer;26
299;Effie Washington;79687907-6;hombre;22
300;Humairaa Knights;70368495-5;mujer;39
302;Rayan Mccray;34603233-2;hombre;24
304;Kerri Herbert;11453035-2;mujer;20
306;Trey Evans;82903113-2;hombre;38
309;Harriette Hubbard;44840159-6;mujer;32
311;Jevan Martins;22937366-8;mujer;25
313;Caspian Potts;22412109-1;hombre;23
314;Bryony Henry;68155764-4;hombre;27
315;Finnley Orr;22169359-0;hombre;20
316;Cayson Branch;22913410-8;mujer;26
317;Rhonda Reeve;97538963-4;hombre;26
318;Martina Betts;41266992-4;mujer;30
321;Izabella Bate;63699218-6;mujer;19
323;Heath Cruz;35480818-8;mujer;30
324;Isabella-Rose Patrick;70841109-4;hombre;22
327;Darsh Macias;36692442-6;mujer;20
328;Alexandra Barrera;82429778-9;hombre;22
329;Zubair Benjamin;19150492-5;mujer;29
331;Cerys Clarkson;86083776-5;hombre;34
332;Callan Lowe;56093204-9;mujer;26
333;Maddox Moon;66169613-3;hombre;35
334;Zaine Trujillo;20820475-0;hombre;19
335;Jardel Keith;40597717-6;hombre;25
336;Fred Sharples;54451953-0;mujer;20
339;Thea Stephens;64043694-8;mujer;37
340;Aleena Maguire;93433032-3;mujer;32
342;Adrienne Lamb;26475026-1;mujer;25
344;Taybah Best;33006349-1;mujer;28
345;Enid Flower;77785207-8;hombre;31
346;Edmund Whelan;57792927-0;mujer;23
347;Carrie-Ann Dickson;19142189-2;mujer;20
350;Oran Valdez;21672114-4;hombre;31
351;Summer-Louise Strong;99463426-7;hombre;30
353;Aisling Chaney;80228379-2;mujer;25
354;Lulu Sexton;21330792-4;hombre;36
355;Elliot Pacheco;37184049-4;mujer;20
356;Cem Moss;13592940-9;mujer;32
357;Zeshan Mcmillan;36205098-7;mujer;20
358;Mahnoor Legge;96828461-4;hombre;31
361;Kasim Brooks;61892040-2;mujer;25
362;Nakita Kelly;60031280-4;mujer;36
363;Hughie Storey;20600805-9;hombre;25
365;Hailie Robertson;59137080-4;mujer;29
366;Lily-Rose Wharton;43329730-k;mujer;29
367;Presley Mcgowan;42354523-2;hombre;28
368;Alister Hartman;91461351-5;mujer;28
369;Iris Fowler;69167855-5;mujer;21
371;Mila-Rose Ramsey;72856019-3;mujer;27
372;Julien Sloan;35656775-7;mujer;20
375;Justine Wood;22001298-0;mujer;31
376;Rianne Coleman;87548946-1;mujer;22
377;Demi-Leigh Byrd;22977216-3;hombre;33
378;Eleanor Charlton;28353821-4;hombre;34
379;Indigo Liu;54570173-1;mujer;20
380;Gavin Jeffery;37742604-5;mujer;23
381;Kiera Mccallum;71518049-9;hombre;30
382;Nimrah Lowery;66398573-6;mujer;32
383;Nichole Savage;16315937-6;hombre;26
384;Ellie-Mai Hutton;14885951-5;mujer;26
385;Arfa Boyer;30775222-0;mujer;20
388;Sylvia Mcfarland;50536630-1;hombre;27
389;Samad Neville;54122700-8;mujer;19
390;Collette Munro;72429091-4;mujer;19
391;Bryce Watt;75281837-1;mujer;25
392;Theo Davenport;32750103-8;hombre;39
393;Melisa Travis;56350683-0;mujer;34
394;Dalia Jefferson;10619776-8;mujer;23
395;Johnny Perry;64269343-3;mujer;40
396;Gina Cortes;77366538-9;mujer;32
397;Margo Stuart;21875469-4;mujer;26
398;Gracie-May Patton;14002078-8;hombre;28
399;Bree Cleveland;37608219-9;mujer;30
400;Clarke Mcloughlin;83330704-5;hombre;40
402;Bea Mcnally;63382431-2;mujer;26
403;Cyrus Fountain;98296705-8;mujer;40
404;Lacey Thatcher;59495529-3;hombre;38
407;Sherri Kearns;38470405-0;mujer;22
409;Mack Wallis;53456223-3;mujer;28
410;Clodagh Greenaway;80508950-4;mujer;26
411;Carter Richards;94864113-5;hombre;21
412;Robyn Riddle;36432728-5;mujer;39
414;Omari Fuller;48459253-5;hombre;27
415;Lewis Mcleod;17070747-8;hombre;27
416;Elliott Irwin;13890944-1;hombre;37
421;Carley Dixon;91888493-9;mujer;27
422;Elizabeth Hopper;81234956-2;hombre;38
423;Reya Bruce;53383454-k;mujer;29
424;Karter Swan;48996426-0;hombre;37
425;Hettie Sweeney;99937169-8;hombre;29
429;Amanah Mckay;93635199-9;hombre;28
430;Alanis Clark;73833231-8;mujer;26
432;Elle Lindsay;97404549-4;hombre;38
435;Anis Cohen;37376941-k;hombre;38
436;Beauden Gilmour;18165501-1;hombre;40
437;Jannat O'Moore;83635222-k;hombre;26
441;Fahad Travers;56474633-9;hombre;24
442;Samiya Hardin;84911278-3;mujer;30
444;Joseff Peters;20467855-3;hombre;20
445;Maisey Alexander;76396643-7;hombre;19
446;Lucy Dunlap;41545483-k;hombre;36
448;Layton Sparks;74269105-5;mujer;22
452;Kaeden Frazier;66185512-6;hombre;39
455;Marnie Macfarlane;31194216-6;mujer;19
456;Daphne Mccallum;75981648-k;hombre;25
458;Hasan Harrison;79308193-6;hombre;40
459;Taiba Richmond;49628420-8;mujer;23
460;Olivia-Mae Hicks;26135720-8;hombre;32
462;Reanne Cooke;32219010-7;mujer;21
463;Haleemah Baxter;14408869-7;mujer;25
464;Codie Galloway;27183294-k;hombre;19
465;Lance Weber;26249833-6;mujer;26
466;Cai Mcneil;35115737-2;mujer;22
467;Cally Hopper;38578737-5;mujer;30
470;Guto Benitez;59890575-4;mujer;21
472;Liyah Cooper;93176945-6;hombre;31
474;Suzanna Romero;80558312-6;hombre;22
475;Matias Strickland;88408240-4;hombre;23
476;Georgiana Yu;68225683-4;hombre;28
477;Amritpal Whyte;29295221-k;mujer;22
478;Lucien Watkins;22760013-6;mujer;36
479;Carter Plummer;27003910-3;hombre;25
483;Ahsan Flynn;71389826-0;hombre;28
484;Jesus Small;90007582-0;hombre;20
485;Denise Daniel;53281073-6;mujer;19
486;Isabell Hogan;96735305-1;hombre;27
487;Ivan Allison;57829633-6;hombre;23
488;Melissa Ashley;29803983-4;hombre;30
490;Anisha Brady;20694588-5;mujer;39
493;Aubree Marsden;71796805-0;mujer;31
495;Fatima Traynor;60139069-8;mujer;36
496;Imran Senior;30991735-9;mujer;25
497;Jose Farrell;80640357-1;hombre;34
502;Alfie-James Moyer;74500563-2;hombre;36
503;Izabelle Frey;34776869-3;mujer;27
505;Ruby-Leigh Stevenson;75328775-2;hombre;19
506;Theia Parkes;74361473-9;mujer;20
507;Kian Branch;43123228-6;hombre;20
508;Isla-Mae Calhoun;99184175-k;mujer;27
509;Rodney Woodcock;12205074-2;hombre;31
511;Patience Waters;88283175-2;hombre;30
512;Miruna Friedman;35773199-2;hombre;20
513;Ralphy Phan;94362008-3;hombre;29
514;Camron Chaney;70366259-5;hombre;39
515;Iram Carroll;79922398-8;hombre;40
516;Sallie Wolf;85831418-6;mujer;23
517;Lilly-Grace Tucker;99223381-8;hombre;21
518;Avneet Pennington;37925650-3;mujer;27
519;Connor Weir;62422623-2;hombre;30
520;Ainsley Read;67629255-1;mujer;26
521;Jaheim William;37117213-0;hombre;32
523;Millie Nava;96217495-7;hombre;20
524;Tom Palacios;18454632-9;hombre;21
525;Muneeb Huff;57041868-8;mujer;34
526;Ziva Langley;75129314-3;hombre;39
530;Ayaan Bass;59105378-7;hombre;23
531;Carter Bradshaw;83123905-0;hombre;35
534;Fynley Glenn;34048567-k;mujer;25
535;Susie Crane;14197251-0;mujer;26
536;Dionne Dowling;17167867-6;hombre;20
537;Denzel Herrera;95514882-7;hombre;29
539;Patryk Enriquez;54121962-5;hombre;30
540;Massimo Needham;66199699-4;hombre;26
542;Abdur-Rahman O'Reilly;49159506-k;mujer;22
543;Joan Alvarado;21878618-9;hombre;26
546;Cecelia Bender;29877385-6;hombre;25
548;Rhonda Carney;81403585-9;mujer;36
550;Bella-Rose Rivers;47591540-2;mujer;28
551;Junayd Andersen;67902197-4;hombre;36
552;Genevieve Booth;85743167-7;mujer;19
553;Bridie Currie;63214464-4;mujer;35
554;Samuel Sheridan;82270937-0;hombre;24
555;Deen Smyth;80438756-0;hombre;21
556;Petra Rigby;73561428-2;hombre;20
557;Kacie Stevens;89576450-7;hombre;30
559;Kaiya Huerta;87371798-k;mujer;31
560;Maiya Tierney;43654491-k;hombre;25
561;Linzi Wong;14200344-9;mujer;29
562;Amelia-Mae Malone;87094740-2;hombre;30
563;Florence Lucero;66866166-1;hombre;23
564;Sneha Hagan;90601826-8;mujer;19
566;Hester Jeffery;20026905-5;mujer;28
567;Theodore Wilkes;11341475-8;hombre;28
568;Manisha Mcloughlin;39006777-1;mujer;21
570;Roseanne Nguyen;45856781-6;mujer;22
573;Fahad Diaz;26849996-2;hombre;39
574;Ivy-Rose Mcclure;41659296-9;mujer;25
575;Ricardo Amin;43538788-8;mujer;26
576;Alfie-Lee Pruitt;61127746-6;mujer;24
577;Ariyah Mckeown;91995839-1;hombre;28
578;Raife Cassidy;41234355-7;hombre;28
579;Solomon Morton;31726652-9;hombre;27
581;Louie Swan;95367461-0;hombre;27
582;Freddie Byrne;20209505-4;mujer;25
584;Toby Petty;84593882-2;hombre;35
586;Kirstin Fry;21630671-6;mujer;23
590;Leanne Weeks;31359212-k;hombre;30
591;Mayson Nicholson;26541300-5;hombre;23
592;Latoya Powers;54252672-6;hombre;22
593;Olivia-Rose Fuentes;22249624-1;hombre;26
595;Priya Oneil;96213582-k;mujer;28
596;Kaiden Ewing;75357089-6;mujer;27
598;Esme-Rose Wicks;41325900-2;hombre;21
599;Kayleigh Finley;87244280-4;hombre;34
600;Clayton Mckenna;75397524-1;mujer;34
601;Aimie Sears;72018152-5;hombre;32
602;Forrest Salt;98152080-7;mujer;39
603;Claudia Avery;44626695-0;hombre;29
605;Alicja Magana;56744324-8;mujer;30
606;Arthur Lara;58191750-3;mujer;28
608;Musab Valencia;80308047-k;hombre;30
609;Thierry Hurley;82254885-7;mujer;39
610;Lillie-Rose Stokes;29522091-0;mujer;29
611;Marlene Hawes;41071374-8;hombre;40
612;Diego Castillo;76081261-7;hombre;21
614;Deanne Villarreal;67753422-2;mujer;40
615;Kajus Garrison;93285177-6;mujer;34
616;Alaw Ferrell;38895795-6;hombre;37
617;Minahil Kaye;59982206-2;hombre;23
618;Quentin Jacobs;66658505-4;hombre;22
619;Ruby-May Espinosa;44290962-8;hombre;35
620;Tj Moran;88495383-9;mujer;24
621;Karina Morgan;97632307-6;hombre;32
624;Jasleen Parker;58332136-5;hombre;40
625;Darryl Carlson;28673876-1;hombre;27
628;Jaiden Sampson;89477804-0;mujer;28
629;Janine Keller;45624249-9;hombre;21
630;Emelia Roche;66295586-8;hombre;34
631;Johanna Whelan;20996381-7;mujer;36
632;Dominik Wynn;57639262-1;mujer;38
633;Isobel Dudley;99108730-3;hombre;22
634;Cora Camacho;70551235-3;mujer;23
635;Shane Best;39043389-1;hombre;36
636;Denis Mann;92946711-6;mujer;33
639;Caitlan Whitehouse;50728559-7;mujer;34
640;Emillie Frye;98661210-6;hombre;22
641;Roberta Rankin;22545748-4;mujer;30
642;Louie Harwood;36750587-7;mujer;19
643;Kaleem Hill;60727093-7;hombre;24
644;Serenity Rossi;46930527-9;mujer;23
645;Manisha Stephens;65485230-8;mujer;28
646;Sylvia Faulkner;63953205-4;mujer;21
652;Lori Forrest;69822376-6;hombre;29
653;Geraint Shaw;59854747-5;mujer;37
654;Zunairah Mcgee;53087333-1;mujer;24
655;Xander Simmonds;91258242-6;hombre;26
657;Lilly-Grace Horn;42113348-4;mujer;31
658;Hayden Turnbull;56930255-2;hombre;30
660;Ayomide Mosley;46531952-6;mujer;24
661;Becky Strickland;49641463-2;hombre;30
663;Ellise Bautista;66899113-0;hombre;22
664;Milly Rudd;83469143-4;mujer;35
665;Irfan Britton;52158784-9;hombre;20
667;Yasmin Barr;25609460-6;mujer;22
669;Dawson Rayner;73290473-5;mujer;39
670;Tasmin Crossley;75020925-4;hombre;22
671;Izaak Mathis;92386054-1;hombre;38
672;Korban Robbins;38629675-8;mujer;30
673;Homer Jacobson;37797879-k;mujer;22
674;Freddy Simons;52698782-9;hombre;33
676;Rita Kouma;58378678-3;hombre;34
677;Zack Sanderson;85516291-1;hombre;32
678;Toby Day;69186141-4;mujer;28
679;Amber-Rose Wardle;92244003-4;hombre;39
680;Kwabena Stone;74415365-4;mujer;19
681;Cheyanne Petersen;89751595-4;mujer;30
682;Carolina Gomez;35414863-3;hombre;28
683;Piotr Glenn;81881771-1;mujer;31
686;Huw Lewis;79348268-k;hombre;37
687;Atticus Hussain;60020954-k;mujer;26
689;Keagan Hope;91957637-5;hombre;33
690;Tudor Proctor;76362168-5;mujer;36
691;Winston Castro;10537138-1;mujer;27
692;Pierce Mora;29557986-2;mujer;26
693;Jonah Murphy;53331281-0;hombre;21
694;Frances Hartman;94559048-3;mujer;27
695;Reece Price;39038168-9;hombre;21
697;Ferne Fritz;25002692-7;mujer;27
698;Harlan Goodman;78413522-5;hombre;26
699;Elle-May Iles;96251410-3;hombre;21
700;Mohamed Mcclain;13863556-2;hombre;19
701;Lennox Mcculloch;29637564-0;mujer;20
702;Ajwa Daly;87624695-3;mujer;20
703;Aleksander Patton;29009046-6;hombre;39
704;Saffron Sawyer;88538509-5;hombre;24
705;Brendon Denton;23625905-6;mujer;20
706;Emile Lopez;70019535-k;hombre;20
707;Lisa-Marie Grimes;19386119-9;hombre;20
708;Macsen Major;62034785-k;hombre;38
709;Ameera Edwards;64367868-3;mujer;28
710;Vincenzo Preece;45026733-3;mujer;39
711;Hudson Emerson;54746197-5;mujer;38
712;Raheel Bonilla;25399600-5;mujer;19
715;Ramone Guzman;40236352-5;mujer;27
716;Prisha Spencer;54726514-9;hombre;35
717;Maisy Bright;77191435-7;hombre;19
718;Kit Adams;70638696-3;mujer;23
720;Ricardo Devine;66976509-6;mujer;21
722;Hadley Acosta;32086803-3;mujer;26
723;Belinda Chamberlain;76762441-7;hombre;22
725;Glenn Curry;67216197-5;mujer;27
726;Shahzaib Lester;84621982-k;mujer;22
728;Karol Knights;23047484-2;mujer;28
731;Nico Lim;87282538-k;hombre;24
733;Gino Alston;63196577-6;hombre;21
734;Aalia Ball;59051717-8;mujer;25
736;Hettie Samuels;37204390-3;hombre;30
737;Cari Welch;48592540-6;mujer;28
738;Howard Boone;79543386-4;hombre;28
741;Pola Finney;10339840-1;mujer;23
742;Annaliese Mckinney;69767927-8;hombre;39
744;Sonnie Pugh;34039148-9;mujer;35
745;Lola-Mae Whittaker;93591226-1;hombre;27
749;Zac Mcgill;88107942-9;mujer;26
753;Asha Guthrie;92390198-1;hombre;37
756;Harvey-Lee Burch;78301240-5;mujer;24
757;Kamran Santos;90730270-9;hombre;28
758;Junior Bryant;25919808-9;mujer;27
759;Stefan Allen;92060023-9;mujer;19
760;Haidar Moreno;91346186-k;hombre;24
761;Shayaan Watkins;56405384-8;hombre;28
762;Abid Cross;97596735-2;hombre;22
763;Khadija Dalby;32153494-5;mujer;19
768;Tiffany Cantu;66714421-3;hombre;26
772;Ayana Portillo;60456055-1;mujer;24
773;Humayra Palacios;90494178-6;hombre;38
776;Dainton Pratt;29004298-4;mujer;22
777;Waleed Aguirre;63968995-6;hombre;30
778;Dev Adamson;75269880-5;mujer;28
779;Karis Downes;42494071-2;mujer;19
780;Annabelle Mullins;11123767-0;hombre;25
783;Jobe Reyes;79725852-0;hombre;20
785;Nasir Jenkins;45273848-1;hombre;27
787;Sabrina Gillespie;27626683-7;hombre;25
790;Robyn Hyde;14495790-3;hombre;26
791;Rebecca Sheehan;49552236-9;hombre;29
792;Sakina Stewart;40161573-3;hombre;23
793;India Camacho;12969098-4;mujer;32
794;Ella-Mai Butt;41775238-2;mujer;36
797;Hashir Hendricks;38100857-6;mujer;29
798;Yash Wallace;69691126-6;mujer;19
799;Harlow Woods;99302343-4;hombre;24
800;Ariadne Hibbert;35155157-7;mujer;23
801;Miller Fletcher;35340502-0;hombre;34
802;Kymani Rahman;95711978-6;hombre;29
803;Gaia Pearson;23686910-5;mujer;28
804;Ruth Steadman;93129166-1;mujer;28
805;Asiya Short;98357275-8;hombre;22
809;Luca Foley;71316667-7;mujer;35
810;Ariyan Patel;37780063-k;hombre;21
811;Luqman Marks;15795964-6;mujer;22
812;Evan Haas;24655915-5;hombre;40
813;Aiden Arnold;36304600-2;hombre;37
814;Billy-Joe Ward;12177977-3;hombre;20
815;Nathaniel Rivas;79974368-k;mujer;22
816;Harry Hood;42868972-0;mujer;26
818;Siyana Ballard;95423202-6;hombre;23
820;Ace Stephenson;57181678-4;mujer;25
823;Nevaeh Gill;88667817-7;mujer;30
